<?xml version="1.0" encoding="UTF-8"?>
<definitions xmlns="http://www.omg.org/spec/BPMN/20100524/MODEL" xmlns:xsi="http://www.w3.org/2001/XMLSchema-instance" xmlns:xsd="http://www.w3.org/2001/XMLSchema" xmlns:activiti="http://activiti.org/bpmn" xmlns:bpmndi="http://www.omg.org/spec/BPMN/20100524/DI" xmlns:omgdc="http://www.omg.org/spec/DD/20100524/DC" xmlns:omgdi="http://www.omg.org/spec/DD/20100524/DI" typeLanguage="http://www.w3.org/2001/XMLSchema" expressionLanguage="http://www.w3.org/1999/XPath" targetNamespace="http://www.activiti.org/processdef">
  <process id="goods_apply_process_gateway" name="goods_apply_process_gateway" isExecutable="true">
    <startEvent id="startEvent1" activiti:initiator="applyUser"></startEvent>
    <userTask id="apply_submit" name="提交领用单" activiti:assignee="${applyUser}">
      <extensionElements>
        <modeler:initiator-can-complete xmlns:modeler="http://activiti.com/modeler"><![CDATA[false]]></modeler:initiator-can-complete>
      </extensionElements>
    </userTask>
    <userTask id="stock_check" name="库管审核" activiti:candidateGroups="stock"></userTask>
    <userTask id="leader_check" name="上级领导审核" activiti:candidateGroups="manager"></userTask>
    <endEvent id="sid-9A4467D5-988F-4F1D-9BB4-AA6187153048"></endEvent>
    <sequenceFlow id="sid-82DC6279-F3CD-4FFE-BDDC-0FB24C95A6C6" sourceRef="startEvent1" targetRef="apply_submit"></sequenceFlow>
    <sequenceFlow id="sid-83BDA4C9-D863-4053-BCA2-BE23AFCC231D" sourceRef="apply_submit" targetRef="stock_check"></sequenceFlow>
    <sequenceFlow id="sid-739C6EDA-23D0-45EB-A832-B44533667092" sourceRef="leader_check" targetRef="sid-9A4467D5-988F-4F1D-9BB4-AA6187153048"></sequenceFlow>
    <exclusiveGateway id="sid-00C0FAAD-8431-4893-90F1-543E4B529F1E"></exclusiveGateway>
    <sequenceFlow id="sid-611787AC-739C-4558-8CFF-FBC016D0C343" sourceRef="stock_check" targetRef="sid-00C0FAAD-8431-4893-90F1-543E4B529F1E"></sequenceFlow>
    <sequenceFlow id="sid-0F95DFA5-45BA-487D-8991-88FA2D7CE35E" name="申请物品数大于等于10" sourceRef="sid-00C0FAAD-8431-4893-90F1-543E4B529F1E" targetRef="apply_submit">
      <conditionExpression xsi:type="tFormalExpression"><![CDATA[${goodsApply.quantity >= 10}]]></conditionExpression>
    </sequenceFlow>
    <sequenceFlow id="sid-35F84047-E01A-42A5-9CCB-C6AC939BF19A" name="申请物品数小于10" sourceRef="sid-00C0FAAD-8431-4893-90F1-543E4B529F1E" targetRef="leader_check">
      <conditionExpression xsi:type="tFormalExpression"><![CDATA[${goodsApply.quantity >= 5 and goodsApply.quantity < 10}]]></conditionExpression>
    </sequenceFlow>
    <sequenceFlow id="sid-C2B429F8-7EFF-4B01-BE4B-E3973A69699D" name="申请物品数小于5" sourceRef="sid-00C0FAAD-8431-4893-90F1-543E4B529F1E" targetRef="sid-9A4467D5-988F-4F1D-9BB4-AA6187153048">
      <conditionExpression xsi:type="tFormalExpression"><![CDATA[${goodsApply.quantity < 5}]]></conditionExpression>
    </sequenceFlow>
  </process>
  <bpmndi:BPMNDiagram id="BPMNDiagram_goods_apply_process_gateway">
    <bpmndi:BPMNPlane bpmnElement="goods_apply_process_gateway" id="BPMNPlane_goods_apply_process_gateway">
      <bpmndi:BPMNShape bpmnElement="startEvent1" id="BPMNShape_startEvent1">
        <omgdc:Bounds height="30.0" width="30.0" x="100.0" y="131.875"></omgdc:Bounds>
      </bpmndi:BPMNShape>
      <bpmndi:BPMNShape bpmnElement="apply_submit" id="BPMNShape_apply_submit">
        <omgdc:Bounds height="80.0" width="100.0" x="225.0" y="106.875"></omgdc:Bounds>
      </bpmndi:BPMNShape>
      <bpmndi:BPMNShape bpmnElement="stock_check" id="BPMNShape_stock_check">
        <omgdc:Bounds height="80.0" width="100.0" x="420.0" y="106.875"></omgdc:Bounds>
      </bpmndi:BPMNShape>
      <bpmndi:BPMNShape bpmnElement="leader_check" id="BPMNShape_leader_check">
        <omgdc:Bounds height="80.0" width="100.0" x="720.0" y="106.875"></omgdc:Bounds>
      </bpmndi:BPMNShape>
      <bpmndi:BPMNShape bpmnElement="sid-9A4467D5-988F-4F1D-9BB4-AA6187153048" id="BPMNShape_sid-9A4467D5-988F-4F1D-9BB4-AA6187153048">
        <omgdc:Bounds height="28.0" width="28.0" x="930.0" y="132.875"></omgdc:Bounds>
      </bpmndi:BPMNShape>
      <bpmndi:BPMNShape bpmnElement="sid-00C0FAAD-8431-4893-90F1-543E4B529F1E" id="BPMNShape_sid-00C0FAAD-8431-4893-90F1-543E4B529F1E">
        <omgdc:Bounds height="40.0" width="40.0" x="600.0" y="126.875"></omgdc:Bounds>
      </bpmndi:BPMNShape>
      <bpmndi:BPMNEdge bpmnElement="sid-35F84047-E01A-42A5-9CCB-C6AC939BF19A" id="BPMNEdge_sid-35F84047-E01A-42A5-9CCB-C6AC939BF19A">
        <omgdi:waypoint x="640.0" y="146.875"></omgdi:waypoint>
        <omgdi:waypoint x="720.0" y="146.875"></omgdi:waypoint>
      </bpmndi:BPMNEdge>
      <bpmndi:BPMNEdge bpmnElement="sid-83BDA4C9-D863-4053-BCA2-BE23AFCC231D" id="BPMNEdge_sid-83BDA4C9-D863-4053-BCA2-BE23AFCC231D">
        <omgdi:waypoint x="325.0" y="146.875"></omgdi:waypoint>
        <omgdi:waypoint x="420.0" y="146.875"></omgdi:waypoint>
      </bpmndi:BPMNEdge>
      <bpmndi:BPMNEdge bpmnElement="sid-82DC6279-F3CD-4FFE-BDDC-0FB24C95A6C6" id="BPMNEdge_sid-82DC6279-F3CD-4FFE-BDDC-0FB24C95A6C6">
        <omgdi:waypoint x="130.0" y="146.875"></omgdi:waypoint>
        <omgdi:waypoint x="225.0" y="146.875"></omgdi:waypoint>
      </bpmndi:BPMNEdge>
      <bpmndi:BPMNEdge bpmnElement="sid-0F95DFA5-45BA-487D-8991-88FA2D7CE35E" id="BPMNEdge_sid-0F95DFA5-45BA-487D-8991-88FA2D7CE35E">
        <omgdi:waypoint x="620.0" y="166.875"></omgdi:waypoint>
        <omgdi:waypoint x="620.0" y="257.0"></omgdi:waypoint>
        <omgdi:waypoint x="275.0" y="257.0"></omgdi:waypoint>
        <omgdi:waypoint x="275.0" y="186.875"></omgdi:waypoint>
      </bpmndi:BPMNEdge>
      <bpmndi:BPMNEdge bpmnElement="sid-C2B429F8-7EFF-4B01-BE4B-E3973A69699D" id="BPMNEdge_sid-C2B429F8-7EFF-4B01-BE4B-E3973A69699D">
        <omgdi:waypoint x="620.0" y="126.875"></omgdi:waypoint>
        <omgdi:waypoint x="620.0" y="49.0"></omgdi:waypoint>
        <omgdi:waypoint x="944.0" y="49.0"></omgdi:waypoint>
        <omgdi:waypoint x="944.0" y="132.875"></omgdi:waypoint>
      </bpmndi:BPMNEdge>
      <bpmndi:BPMNEdge bpmnElement="sid-611787AC-739C-4558-8CFF-FBC016D0C343" id="BPMNEdge_sid-611787AC-739C-4558-8CFF-FBC016D0C343">
        <omgdi:waypoint x="520.0" y="146.875"></omgdi:waypoint>
        <omgdi:waypoint x="600.0" y="146.875"></omgdi:waypoint>
      </bpmndi:BPMNEdge>
      <bpmndi:BPMNEdge bpmnElement="sid-739C6EDA-23D0-45EB-A832-B44533667092" id="BPMNEdge_sid-739C6EDA-23D0-45EB-A832-B44533667092">
        <omgdi:waypoint x="820.0" y="146.875"></omgdi:waypoint>
        <omgdi:waypoint x="930.0" y="146.875"></omgdi:waypoint>
      </bpmndi:BPMNEdge>
    </bpmndi:BPMNPlane>
  </bpmndi:BPMNDiagram>
</definitions>